INSERT INTO price_history(code, price, price_date) VALUES(10000,133.1000,'2/5/2003 10:27:50 PM')
INSERT INTO price_history(code, price, price_date) VALUES(10000,149.0000,'2/5/2003 11:11:07 PM')
INSERT INTO price_history(code, price, price_date) VALUES(10000,226.2400,'2/13/2003 5:48:58 PM')
INSERT INTO price_history(code, price, price_date) VALUES(10001,227.3600,'2/13/2003 6:18:35 PM')
INSERT INTO price_history(code, price, price_date) VALUES(10004,236.5000,'2/20/2003 9:37:50 PM')
INSERT INTO price_history(code, price, price_date) VALUES(10005,53.9000,'2/20/2003 10:02:13 PM')
INSERT INTO price_history(code, price, price_date) VALUES(10006,3474.2400,'2/20/2003 10:06:25 PM')
INSERT INTO price_history(code, price, price_date) VALUES(10006,3250.2400,'2/26/2003 4:05:42 PM')
INSERT INTO price_history(code, price, price_date) VALUES(10006,2802.0000,'2/26/2003 5:09:07 PM')
INSERT INTO price_history(code, price, price_date) VALUES(10006,3268.3392,'2/26/2003 5:23:25 PM')
INSERT INTO price_history(code, price, price_date) VALUES(10006,3147.3792,'2/27/2003 7:27:36 PM')
INSERT INTO price_history(code, price, price_date) VALUES(10006,3026.4192,'2/27/2003 7:28:11 PM')
INSERT INTO price_history(code, price, price_date) VALUES(10006,3268.3392,'2/27/2003 7:28:44 PM')
INSERT INTO price_history(code, price, price_date) VALUES(10006,3147.3792,'2/27/2003 7:30:23 PM')
INSERT INTO price_history(code, price, price_date) VALUES(10007,23.7600,'3/5/2003 2:39:50 PM')
INSERT INTO price_history(code, price, price_date) VALUES(10007,25.5539,'3/5/2003 2:50:01 PM')
INSERT INTO price_history(code, price, price_date) VALUES(10006,3389.2992,'3/8/2003 12:34:27 PM')
INSERT INTO price_history(code, price, price_date) VALUES(10009,550.0000,'3/27/2003 4:07:59 PM')
INSERT INTO price_history(code, price, price_date) VALUES(1000083,0.0000,'4/2/2003 6:31:51 PM')
INSERT INTO price_history(code, price, price_date) VALUES(1000082,550.0000,'4/2/2003 6:34:42 PM')
INSERT INTO price_history(code, price, price_date) VALUES(1000083,190.0800,'4/8/2003 4:37:34 PM')
INSERT INTO price_history(code, price, price_date) VALUES(1000084,356.4000,'4/8/2003 4:48:55 PM')
INSERT INTO price_history(code, price, price_date) VALUES(1000086,130.6800,'4/8/2003 5:23:16 PM')
INSERT INTO price_history(code, price, price_date) VALUES(1000087,130.6800,'4/8/2003 5:51:34 PM')
INSERT INTO price_history(code, price, price_date) VALUES(1000088,273.2400,'4/8/2003 5:52:14 PM')
INSERT INTO price_history(code, price, price_date) VALUES(1000089,106.9200,'4/8/2003 5:55:09 PM')
INSERT INTO price_history(code, price, price_date) VALUES(1000090,83.1600,'4/8/2003 5:55:30 PM')
INSERT INTO price_history(code, price, price_date) VALUES(10005,69.0000,'4/9/2003 10:20:32 AM')
INSERT INTO price_history(code, price, price_date) VALUES(1000091,65.3400,'4/9/2003 10:36:57 AM')
INSERT INTO price_history(code, price, price_date) VALUES(1000087,522.7200,'4/9/2003 5:28:51 PM')
INSERT INTO price_history(code, price, price_date) VALUES(1000090,350.4600,'4/9/2003 5:31:13 PM')
INSERT INTO price_history(code, price, price_date) VALUES(1000092,149.6880,'4/9/2003 5:34:12 PM')
INSERT INTO price_history(code, price, price_date) VALUES(1000093,200.7720,'4/9/2003 5:34:49 PM')
INSERT INTO price_history(code, price, price_date) VALUES(1000094,295.8120,'4/9/2003 5:35:51 PM')
INSERT INTO price_history(code, price, price_date) VALUES(1000095,21.7728,'4/9/2003 5:38:15 PM')
INSERT INTO price_history(code, price, price_date) VALUES(1000096,32.6592,'4/9/2003 5:38:40 PM')
INSERT INTO price_history(code, price, price_date) VALUES(1000097,56.8512,'4/9/2003 5:39:52 PM')
INSERT INTO price_history(code, price, price_date) VALUES(1000099,123.3792,'4/9/2003 5:46:40 PM')
INSERT INTO price_history(code, price, price_date) VALUES(1000101,93.8520,'4/9/2003 5:53:52 PM')
INSERT INTO price_history(code, price, price_date) VALUES(1000102,124.7400,'4/9/2003 5:54:30 PM')
INSERT INTO price_history(code, price, price_date) VALUES(1000103,196.0200,'4/9/2003 5:55:19 PM')
INSERT INTO price_history(code, price, price_date) VALUES(1000107,190.0800,'4/16/2003 5:14:07 PM')
INSERT INTO price_history(code, price, price_date) VALUES(1000108,320.7600,'4/16/2003 5:14:50 PM')
INSERT INTO price_history(code, price, price_date) VALUES(1000110,0.0000,'4/28/2003 11:05:27 AM')
INSERT INTO price_history(code, price, price_date) VALUES(1000111,30.0000,'4/30/2003 1:57:40 PM')
INSERT INTO price_history(code, price, price_date) VALUES(1000112,15.4500,'4/30/2003 2:26:49 PM')
INSERT INTO price_history(code, price, price_date) VALUES(1000113,30.8880,'5/8/2003 7:05:15 PM')
INSERT INTO price_history(code, price, price_date) VALUES(10004,255.4200,'5/12/2003 1:52:10 PM')
INSERT INTO price_history(code, price, price_date) VALUES(10004,255.4200,'5/12/2003 1:52:24 PM')
INSERT INTO price_history(code, price, price_date) VALUES(1000114,0.0000,'6/30/2003 2:00:29 PM')
INSERT INTO price_history(code, price, price_date) VALUES(1000115,17.8200,'7/9/2003 3:14:23 PM')
INSERT INTO price_history(code, price, price_date) VALUES(1000082,1446.1200,'7/31/2003 12:00:26 PM')
INSERT INTO price_history(code, price, price_date) VALUES(1000082,535.1400,'8/5/2003 6:58:01 PM')
INSERT INTO price_history(code, price, price_date) VALUES(1000118,421.7400,'8/25/2003 11:46:32 AM')
INSERT INTO price_history(code, price, price_date) VALUES(1000119,451.4400,'9/3/2003 7:01:34 PM')
INSERT INTO price_history(code, price, price_date) VALUES(1000084,339.2604,'9/4/2003 10:47:14 AM')
INSERT INTO price_history(code, price, price_date) VALUES(1000120,192.6504,'9/5/2003 2:12:26 PM')
INSERT INTO price_history(code, price, price_date) VALUES(1000121,299.6784,'9/5/2003 2:14:59 PM')
INSERT INTO price_history(code, price, price_date) VALUES(1000082,503.2800,'9/9/2003 6:49:26 PM')
INSERT INTO price_history(code, price, price_date) VALUES(1000082,0.0000,'1/13/2004 12:08:29 PM')
INSERT INTO price_history(code, price, price_date) VALUES(1000082,0.0000,'1/13/2004 12:09:05 PM')
INSERT INTO price_history(code, price, price_date) VALUES(1000123,0.0000,'1/13/2004 3:00:56 PM')
INSERT INTO price_history(code, price, price_date) VALUES(1000120,0.0000,'2/24/2004 6:01:28 PM')
INSERT INTO price_history(code, price, price_date) VALUES(1000120,0.0000,'2/24/2004 6:01:35 PM')
INSERT INTO price_history(code, price, price_date) VALUES(1000125,178.2000,'3/2/2004 3:45:37 PM')
INSERT INTO price_history(code, price, price_date) VALUES(1000125,142.5600,'3/2/2004 3:55:30 PM')
INSERT INTO price_history(code, price, price_date) VALUES(1000126,118.8000,'3/2/2004 5:06:05 PM')
INSERT INTO price_history(code, price, price_date) VALUES(1000757,656.7500,'3/26/2004 4:03:27 PM')
INSERT INTO price_history(code, price, price_date) VALUES(1000757,59.7000,'3/26/2004 4:51:28 PM')
INSERT INTO price_history(code, price, price_date) VALUES(1001716,1659.2000,'3/26/2004 4:57:31 PM')
INSERT INTO price_history(code, price, price_date) VALUES(1000100,132.4900,'4/7/2004 4:07:55 PM')
INSERT INTO price_history(code, price, price_date) VALUES(1001717,15.4500,'4/20/2004 3:32:59 PM')
INSERT INTO price_history(code, price, price_date) VALUES(1000757,59.7000,'5/5/2004 3:31:15 PM')
INSERT INTO price_history(code, price, price_date) VALUES(1000757,59.7000,'5/5/2004 3:36:05 PM')
INSERT INTO price_history(code, price, price_date) VALUES(1000757,59.7000,'5/5/2004 3:36:26 PM')
INSERT INTO price_history(code, price, price_date) VALUES(1000112,15.0000,'5/14/2004 4:16:03 PM')
INSERT INTO price_history(code, price, price_date) VALUES(1001721,47.5200,'6/21/2004 12:14:31 PM')
INSERT INTO price_history(code, price, price_date) VALUES(1000082,0.0000,'6/25/2004 8:09:33 PM')
INSERT INTO price_history(code, price, price_date) VALUES(1000108,0.0000,'6/25/2004 8:10:08 PM')
INSERT INTO price_history(code, price, price_date) VALUES(1000108,0.0000,'6/25/2004 8:10:17 PM')
INSERT INTO price_history(code, price, price_date) VALUES(1000108,0.0000,'6/25/2004 8:21:44 PM')
INSERT INTO price_history(code, price, price_date) VALUES(1000108,0.0000,'6/25/2004 8:22:05 PM')
INSERT INTO price_history(code, price, price_date) VALUES(1001716,0.0000,'6/25/2004 8:30:28 PM')
INSERT INTO price_history(code, price, price_date) VALUES(1001716,0.0000,'6/25/2004 8:31:50 PM')
INSERT INTO price_history(code, price, price_date) VALUES(1001716,0.0000,'6/25/2004 8:33:47 PM')
INSERT INTO price_history(code, price, price_date) VALUES(1001716,0.0000,'6/25/2004 8:34:09 PM')
INSERT INTO price_history(code, price, price_date) VALUES(1001716,0.0000,'6/25/2004 8:34:31 PM')
INSERT INTO price_history(code, price, price_date) VALUES(1001716,0.0000,'6/25/2004 8:35:20 PM')
INSERT INTO price_history(code, price, price_date) VALUES(1001716,0.0000,'6/25/2004 8:35:53 PM')
INSERT INTO price_history(code, price, price_date) VALUES(1001716,0.0000,'6/25/2004 8:35:58 PM')
INSERT INTO price_history(code, price, price_date) VALUES(1001716,0.0000,'6/25/2004 8:36:01 PM')
INSERT INTO price_history(code, price, price_date) VALUES(1001722,102.6000,'6/29/2004 2:14:10 PM')
INSERT INTO price_history(code, price, price_date) VALUES(1001720,54.6500,'7/2/2004 5:01:21 PM')
INSERT INTO price_history(code, price, price_date) VALUES(1001723,25.5960,'7/5/2004 2:44:57 PM')
INSERT INTO price_history(code, price, price_date) VALUES(1001724,356.4000,'7/26/2004 3:03:16 PM')
INSERT INTO price_history(code, price, price_date) VALUES(1001724,356.4000,'7/26/2004 3:03:19 PM')
INSERT INTO price_history(code, price, price_date) VALUES(1001725,0.0000,'7/26/2004 3:26:31 PM')
INSERT INTO price_history(code, price, price_date) VALUES(1001725,712.8000,'7/26/2004 3:26:53 PM')
INSERT INTO price_history(code, price, price_date) VALUES(1001726,0.0000,'7/26/2004 3:42:38 PM')
INSERT INTO price_history(code, price, price_date) VALUES(1001727,0.0000,'7/26/2004 3:47:37 PM')
INSERT INTO price_history(code, price, price_date) VALUES(1001729,0.0000,'7/26/2004 4:46:23 PM')
INSERT INTO price_history(code, price, price_date) VALUES(1001730,0.0000,'7/26/2004 4:50:27 PM')
INSERT INTO price_history(code, price, price_date) VALUES(1001731,0.0000,'7/26/2004 4:51:47 PM')
INSERT INTO price_history(code, price, price_date) VALUES(1001735,800.0000,'7/31/2004 11:11:51 AM')
INSERT INTO price_history(code, price, price_date) VALUES(1001736,0.0000,'8/9/2004 11:25:43 AM')
INSERT INTO price_history(code, price, price_date) VALUES(1001740,0.0000,'11/9/2004 4:21:30 AM')
INSERT INTO price_history(code, price, price_date) VALUES(1001741,0.0000,'11/9/2004 5:43:44 AM')
INSERT INTO price_history(code, price, price_date) VALUES(1001743,0.0000,'11/9/2004 9:34:51 AM')
INSERT INTO price_history(code, price, price_date) VALUES(1000127,0.0000,'11/18/2004 11:08:46 AM')
INSERT INTO price_history(code, price, price_date) VALUES(1001718,21.6000,'11/18/2004 12:10:37 PM')
INSERT INTO price_history(code, price, price_date) VALUES(1001744,0.0000,'11/18/2004 4:03:17 PM')
INSERT INTO price_history(code, price, price_date) VALUES(1001748,0.0000,'12/6/2004 8:32:29 PM')
INSERT INTO price_history(code, price, price_date) VALUES(1001719,32.4000,'12/23/2004 4:13:17 PM')
INSERT INTO price_history(code, price, price_date) VALUES(10004,21.6000,'1/18/2005 8:53:06 PM')
INSERT INTO price_history(code, price, price_date) VALUES(10004,21.6000,'1/18/2005 9:16:04 PM')
INSERT INTO price_history(code, price, price_date) VALUES(10004,53.4168,'2/3/2005 12:32:58 PM')
INSERT INTO price_history(code, price, price_date) VALUES(10005,51.0625,'2/3/2005 1:08:57 PM')
INSERT INTO price_history(code, price, price_date) VALUES(10005,51.0625,'2/3/2005 1:09:03 PM')
INSERT INTO price_history(code, price, price_date) VALUES(10005,51.0625,'2/3/2005 1:09:10 PM')
INSERT INTO price_history(code, price, price_date) VALUES(10005,51.0625,'2/3/2005 1:11:17 PM')
INSERT INTO price_history(code, price, price_date) VALUES(10005,51.0625,'2/3/2005 1:11:23 PM')
INSERT INTO price_history(code, price, price_date) VALUES(1001749,0.0103,'2/3/2005 4:11:49 PM')
INSERT INTO price_history(code, price, price_date) VALUES(10005,51.0625,'2/18/2005 1:00:28 PM')
INSERT INTO price_history(code, price, price_date) VALUES(10005,38.7000,'2/18/2005 1:00:49 PM')
INSERT INTO price_history(code, price, price_date) VALUES(1009,712.8000,'2/21/2005 5:49:52 PM')
INSERT INTO price_history(code, price, price_date) VALUES(2593,178.2000,'3/18/2005 10:34:43 AM')
INSERT INTO price_history(code, price, price_date) VALUES(1399,65.3400,'3/29/2005 8:20:18 PM')
INSERT INTO price_history(code, price, price_date) VALUES(1880,130.9700,'4/7/2005 10:19:11 AM')
INSERT INTO price_history(code, price, price_date) VALUES(2599,594.0000,'4/7/2005 12:27:03 PM')
INSERT INTO price_history(code, price, price_date) VALUES(2600,11.8800,'4/7/2005 12:28:03 PM')
INSERT INTO price_history(code, price, price_date) VALUES(1564,201.5496,'4/13/2005 5:44:17 PM')
INSERT INTO price_history(code, price, price_date) VALUES(1015,23.7600,'4/14/2005 1:21:09 PM')
INSERT INTO price_history(code, price, price_date) VALUES(1003,37.3300,'4/14/2005 1:42:38 PM')
INSERT INTO price_history(code, price, price_date) VALUES(2600,0.0000,'4/21/2005 10:58:44 AM')
INSERT INTO price_history(code, price, price_date) VALUES(2601,0.0000,'4/21/2005 11:40:55 AM')
INSERT INTO price_history(code, price, price_date) VALUES(2602,0.0000,'4/22/2005 4:13:45 PM')
INSERT INTO price_history(code, price, price_date) VALUES(2602,0.0000,'4/22/2005 4:13:48 PM')
INSERT INTO price_history(code, price, price_date) VALUES(2189,19.6100,'4/22/2005 4:16:49 PM')
INSERT INTO price_history(code, price, price_date) VALUES(2605,0.0000,'5/5/2005 8:29:17 PM')
INSERT INTO price_history(code, price, price_date) VALUES(2605,0.0000,'5/5/2005 8:41:28 PM')
INSERT INTO price_history(code, price, price_date) VALUES(1797,0.0000,'5/25/2005 11:36:19 AM')
INSERT INTO price_history(code, price, price_date) VALUES(1195,403.0300,'6/4/2005 5:18:39 PM')
INSERT INTO price_history(code, price, price_date) VALUES(1122,14.8300,'6/4/2005 5:18:53 PM')
INSERT INTO price_history(code, price, price_date) VALUES(1650,1378.0800,'6/4/2005 5:19:14 PM')
INSERT INTO price_history(code, price, price_date) VALUES(10006,3474.2400,'2/26/2003 4:38:11 PM')
INSERT INTO price_history(code, price, price_date) VALUES(1000104,45.1440,'4/10/2003 10:56:46 AM')
INSERT INTO price_history(code, price, price_date) VALUES(1000105,14.2560,'4/10/2003 10:59:33 AM')
INSERT INTO price_history(code, price, price_date) VALUES(1000106,188.8920,'4/10/2003 11:02:09 AM')
INSERT INTO price_history(code, price, price_date) VALUES(1000120,0.0000,'2/24/2004 6:16:09 PM')
INSERT INTO price_history(code, price, price_date) VALUES(1000120,0.0000,'2/24/2004 6:16:38 PM')
INSERT INTO price_history(code, price, price_date) VALUES(1001728,0.0000,'7/26/2004 4:45:00 PM')
INSERT INTO price_history(code, price, price_date) VALUES(10004,53.4168,'2/3/2005 12:22:40 PM')
INSERT INTO price_history(code, price, price_date) VALUES(1001,52.9600,'2/26/2005 7:31:30 PM')
INSERT INTO price_history(code, price, price_date) VALUES(2597,59.4000,'4/4/2005 1:17:10 PM')
INSERT INTO price_history(code, price, price_date) VALUES(1001,59.4000,'4/6/2005 11:34:11 AM')
INSERT INTO price_history(code, price, price_date) VALUES(1079,239.7700,'5/2/2005 10:25:39 AM')
INSERT INTO price_history(code, price, price_date) VALUES(1879,113.1300,'5/2/2005 10:25:57 AM')
INSERT INTO price_history(code, price, price_date) VALUES(1080,288.1100,'5/2/2005 10:26:06 AM')
INSERT INTO price_history(code, price, price_date) VALUES(1000117,594.0000,'8/22/2003 3:11:32 PM')
INSERT INTO price_history(code, price, price_date) VALUES(1854,79.2400,'3/18/2005 11:53:47 AM')
INSERT INTO price_history(code, price, price_date) VALUES(1855,94.0900,'3/18/2005 11:53:59 AM')
INSERT INTO price_history(code, price, price_date) VALUES(1000125,142.5600,'3/2/2004 4:15:59 PM')
INSERT INTO price_history(code, price, price_date) VALUES(1000084,0.0000,'6/28/2004 10:51:23 AM')
INSERT INTO price_history(code, price, price_date) VALUES(1000084,0.0000,'6/28/2004 10:51:26 AM')
INSERT INTO price_history(code, price, price_date) VALUES(1000084,0.0000,'6/28/2004 10:51:28 AM')
INSERT INTO price_history(code, price, price_date) VALUES(1000084,0.0000,'6/28/2004 10:51:28 AM')
INSERT INTO price_history(code, price, price_date) VALUES(1000084,0.0000,'6/28/2004 10:51:29 AM')
INSERT INTO price_history(code, price, price_date) VALUES(1000084,0.0000,'6/28/2004 10:51:30 AM')
INSERT INTO price_history(code, price, price_date) VALUES(10004,155.8440,'2/3/2005 12:09:16 PM')
INSERT INTO price_history(code, price, price_date) VALUES(1001716,0.0000,'3/26/2004 5:01:16 PM')
INSERT INTO price_history(code, price, price_date) VALUES(2598,0.0000,'4/6/2005 11:36:01 AM')
INSERT INTO price_history(code, price, price_date) VALUES(1012,47.5200,'4/11/2005 5:53:32 PM')
INSERT INTO price_history(code, price, price_date) VALUES(2604,15.0000,'4/30/2005 5:45:54 PM')
INSERT INTO price_history(code, price, price_date) VALUES(2064,76.9200,'4/30/2005 5:55:27 PM')
INSERT INTO price_history(code, price, price_date) VALUES(1087,230.7700,'5/12/2005 1:57:43 PM')
INSERT INTO price_history(code, price, price_date) VALUES(1000108,0.0000,'6/25/2004 8:23:49 PM')
INSERT INTO price_history(code, price, price_date) VALUES(1000108,0.0000,'6/25/2004 8:23:53 PM')
INSERT INTO price_history(code, price, price_date) VALUES(1000108,0.0000,'6/25/2004 8:25:53 PM')
INSERT INTO price_history(code, price, price_date) VALUES(10004,44.1720,'2/14/2005 5:08:55 PM')
INSERT INTO price_history(code, price, price_date) VALUES(1001732,0.0000,'7/26/2004 5:05:44 PM')
INSERT INTO price_history(code, price, price_date) VALUES(1001733,0.0000,'7/26/2004 5:07:51 PM')
INSERT INTO price_history(code, price, price_date) VALUES(1001734,0.0000,'7/26/2004 5:08:32 PM')
INSERT INTO price_history(code, price, price_date) VALUES(1001738,10.0000,'8/13/2004 2:36:30 PM')
INSERT INTO price_history(code, price, price_date) VALUES(1798,0.0000,'6/8/2005 11:58:40 AM')
INSERT INTO price_history(code, price, price_date) VALUES(1228,99.4000,'6/8/2005 12:15:49 PM')
INSERT INTO price_history(code, price, price_date) VALUES(1799,0.0000,'6/9/2005 9:48:46 PM')
INSERT INTO price_history(code, price, price_date) VALUES(1800,35.6400,'6/9/2005 10:03:47 PM')
INSERT INTO price_history(code, price, price_date) VALUES(1801,23.7600,'6/9/2005 11:06:17 PM')
INSERT INTO price_history(code, price, price_date) VALUES(1802,561.8160,'6/10/2005 10:36:34 PM')
INSERT INTO price_history(code, price, price_date) VALUES(1120,15.6800,'6/10/2005 10:46:43 PM')
INSERT INTO price_history(code, price, price_date) VALUES(1051,1.4100,'7/9/2005 4:25:16 PM')
INSERT INTO price_history(code, price, price_date) VALUES(1486,74.4600,'8/13/2005 2:47:43 AM')
INSERT INTO price_history(code, price, price_date) VALUES(1764,240.6400,'10/12/2010 10:19:12 PM')
SET IDENTITY_INSERT sra_item ON 
INSERT INTO sra_item(id, sra_id, code, name, qty, fault, sn, invoice_number, date_received, status, old_item_status, old_item_status_date, old_item_status_note, replacement_code, replacement_sn, date_sent_to_supplier, date_received_from_supplier, code_received_from_supplier, sn_received_from_supplier, sell_as_used_code, id1, customer, note, staff, item_received, date_created) VALUES(1,1001,10000,'Epson C41X Inkjet Printer',1,'DOA','jerry00001','1001','5/15/2004 1:15:31 AM',3,2,'5/16/2004 2:36:10 PM','',1000082,'123456','','',null,'',null,1001,9,'',9,1,'5/15/2004 12:12:36 AM')
INSERT INTO sra_item(id, sra_id, code, name, qty, fault, sn, invoice_number, date_received, status, old_item_status, old_item_status_date, old_item_status_note, replacement_code, replacement_sn, date_sent_to_supplier, date_received_from_supplier, code_received_from_supplier, sn_received_from_supplier, sell_as_used_code, id1, customer, note, staff, item_received, date_created) VALUES(2,1003,10004,'Dynalink ADSL Router with Firewall',3,'faulty','','','5/16/2004 3:07:07 PM',3,2,'5/16/2004 3:18:27 PM','',1000120,'1234567','','',null,'',null,1003,14,'',9,1,'5/16/2004 3:04:19 PM')
INSERT INTO sra_item(id, sra_id, code, name, qty, fault, sn, invoice_number, date_received, status, old_item_status, old_item_status_date, old_item_status_note, replacement_code, replacement_sn, date_sent_to_supplier, date_received_from_supplier, code_received_from_supplier, sn_received_from_supplier, sell_as_used_code, id1, customer, note, staff, item_received, date_created) VALUES(3,1004,10004,'Dynalink ADSL Router with Firewall',5,'bad','123456','','5/16/2004 4:01:38 PM',4,3,'5/16/2004 4:05:54 PM','',null,'','','',null,'',null,1004,14,'',9,1,'5/16/2004 3:46:22 PM')
INSERT INTO sra_item(id, sra_id, code, name, qty, fault, sn, invoice_number, date_received, status, old_item_status, old_item_status_date, old_item_status_note, replacement_code, replacement_sn, date_sent_to_supplier, date_received_from_supplier, code_received_from_supplier, sn_received_from_supplier, sell_as_used_code, id1, customer, note, staff, item_received, date_created) VALUES(4,1005,10007,'P4 2.53',1,'broken','','','5/16/2004 4:34:00 PM',3,4,'','',10004,'23232224','','',null,'',null,1005,14,'',9,1,'5/16/2004 4:32:43 PM')
INSERT INTO sra_item(id, sra_id, code, name, qty, fault, sn, invoice_number, date_received, status, old_item_status, old_item_status_date, old_item_status_note, replacement_code, replacement_sn, date_sent_to_supplier, date_received_from_supplier, code_received_from_supplier, sn_received_from_supplier, sell_as_used_code, id1, customer, note, staff, item_received, date_created) VALUES(6,1008,10006,'Compaq Nvo1000 Notebook',1,'dead','911','','7/15/2004 10:47:06 AM',3,6,'','',10006,'','7/15/2004 10:58:03 AM','',null,'',null,1008,9,'',9,1,'7/15/2004 10:40:36 AM')
INSERT INTO sra_item(id, sra_id, code, name, qty, fault, sn, invoice_number, date_received, status, old_item_status, old_item_status_date, old_item_status_note, replacement_code, replacement_sn, date_sent_to_supplier, date_received_from_supplier, code_received_from_supplier, sn_received_from_supplier, sell_as_used_code, id1, customer, note, staff, item_received, date_created) VALUES(7,1010,100008,'LCSD',1,'','6388188','','7/31/2004 12:36:59 PM',1,1,'','',null,'','','',null,'',null,1010,1070,'',14,1,'7/31/2004 12:30:36 PM')
INSERT INTO sra_item(id, sra_id, code, name, qty, fault, sn, invoice_number, date_received, status, old_item_status, old_item_status_date, old_item_status_note, replacement_code, replacement_sn, date_sent_to_supplier, date_received_from_supplier, code_received_from_supplier, sn_received_from_supplier, sell_as_used_code, id1, customer, note, staff, item_received, date_created) VALUES(8,1011,10006,'',1,'not working','3434343434','','8/11/2004 11:21:21 AM',4,3,'8/11/2004 11:22:20 AM','',null,'','','',null,'',null,1011,1070,'',14,1,'8/11/2004 11:18:23 AM')
INSERT INTO sra_item(id, sra_id, code, name, qty, fault, sn, invoice_number, date_received, status, old_item_status, old_item_status_date, old_item_status_note, replacement_code, replacement_sn, date_sent_to_supplier, date_received_from_supplier, code_received_from_supplier, sn_received_from_supplier, sell_as_used_code, id1, customer, note, staff, item_received, date_created) VALUES(9,1010,10006,'',1,'','dfdfsdfsdf','','8/11/2004 11:24:11 AM',3,6,'','',10006,'6388188','8/11/2004 12:09:05 PM','',null,'',null,1010,1070,'',14,1,'7/31/2004 12:30:36 PM')
INSERT INTO sra_item(id, sra_id, code, name, qty, fault, sn, invoice_number, date_received, status, old_item_status, old_item_status_date, old_item_status_note, replacement_code, replacement_sn, date_sent_to_supplier, date_received_from_supplier, code_received_from_supplier, sn_received_from_supplier, sell_as_used_code, id1, customer, note, staff, item_received, date_created) VALUES(10,1013,23654,'',1,'','','','8/11/2004 11:36:35 AM',1,1,'','',null,'','','',null,'',null,1013,1144,'',14,1,'8/11/2004 11:35:56 AM')
INSERT INTO sra_item(id, sra_id, code, name, qty, fault, sn, invoice_number, date_received, status, old_item_status, old_item_status_date, old_item_status_note, replacement_code, replacement_sn, date_sent_to_supplier, date_received_from_supplier, code_received_from_supplier, sn_received_from_supplier, sell_as_used_code, id1, customer, note, staff, item_received, date_created) VALUES(11,1013,2050,'',1,'Not working','6388199','','8/11/2004 11:37:01 AM',1,1,'','',null,'','','',null,'',null,1013,1144,'',14,1,'8/11/2004 11:35:56 AM')
INSERT INTO sra_item(id, sra_id, code, name, qty, fault, sn, invoice_number, date_received, status, old_item_status, old_item_status_date, old_item_status_note, replacement_code, replacement_sn, date_sent_to_supplier, date_received_from_supplier, code_received_from_supplier, sn_received_from_supplier, sell_as_used_code, id1, customer, note, staff, item_received, date_created) VALUES(12,1016,1001737,'',1,'dead','','','8/11/2004 12:24:45 PM',4,3,'8/11/2004 12:25:17 PM','',null,'','','',null,'',null,1016,1070,'',14,1,'8/11/2004 12:22:37 PM')
INSERT INTO sra_item(id, sra_id, code, name, qty, fault, sn, invoice_number, date_received, status, old_item_status, old_item_status_date, old_item_status_note, replacement_code, replacement_sn, date_sent_to_supplier, date_received_from_supplier, code_received_from_supplier, sn_received_from_supplier, sell_as_used_code, id1, customer, note, staff, item_received, date_created) VALUES(13,1017,1001737,'Dynalink ADSL Modem',1,'5 mins shoudown','','','8/11/2004 12:32:45 PM',3,6,'','',10006,'','8/11/2004 12:32:58 PM','',null,'',null,1017,1070,'',14,1,'8/11/2004 12:32:14 PM')
INSERT INTO sra_item(id, sra_id, code, name, qty, fault, sn, invoice_number, date_received, status, old_item_status, old_item_status_date, old_item_status_note, replacement_code, replacement_sn, date_sent_to_supplier, date_received_from_supplier, code_received_from_supplier, sn_received_from_supplier, sell_as_used_code, id1, customer, note, staff, item_received, date_created) VALUES(14,1018,10006,'',1,'','','','8/11/2004 12:44:57 PM',3,6,'','',10006,'','8/13/2004 4:36:59 PM','',null,'',null,1018,1070,'',9,1,'8/11/2004 12:44:14 PM')
INSERT INTO sra_item(id, sra_id, code, name, qty, fault, sn, invoice_number, date_received, status, old_item_status, old_item_status_date, old_item_status_note, replacement_code, replacement_sn, date_sent_to_supplier, date_received_from_supplier, code_received_from_supplier, sn_received_from_supplier, sell_as_used_code, id1, customer, note, staff, item_received, date_created) VALUES(15,1002,10006,'',1,'','','','8/13/2004 6:25:15 PM',2,6,'','',null,'','8/13/2004 7:03:15 PM','8/13/2004 7:33:55 PM',10006,'',null,1002,9,'',9,1,'5/15/2004 12:12:36 AM')
INSERT INTO sra_item(id, sra_id, code, name, qty, fault, sn, invoice_number, date_received, status, old_item_status, old_item_status_date, old_item_status_note, replacement_code, replacement_sn, date_sent_to_supplier, date_received_from_supplier, code_received_from_supplier, sn_received_from_supplier, sell_as_used_code, id1, customer, note, staff, item_received, date_created) VALUES(17,1007,10006,'',1,'','','','8/13/2004 6:37:38 PM',1,1,'','',null,'','','',null,'',null,1007,9,'',9,1,'7/15/2004 10:39:59 AM')
INSERT INTO sra_item(id, sra_id, code, name, qty, fault, sn, invoice_number, date_received, status, old_item_status, old_item_status_date, old_item_status_note, replacement_code, replacement_sn, date_sent_to_supplier, date_received_from_supplier, code_received_from_supplier, sn_received_from_supplier, sell_as_used_code, id1, customer, note, staff, item_received, date_created) VALUES(18,1009,10006,'',1,'','','','8/13/2004 6:38:12 PM',3,6,'','',10006,'','8/13/2004 6:38:45 PM','',null,'',null,1009,1070,'',14,1,'7/17/2004 12:34:15 PM')
INSERT INTO sra_item(id, sra_id, code, name, qty, fault, sn, invoice_number, date_received, status, old_item_status, old_item_status_date, old_item_status_note, replacement_code, replacement_sn, date_sent_to_supplier, date_received_from_supplier, code_received_from_supplier, sn_received_from_supplier, sell_as_used_code, id1, customer, note, staff, item_received, date_created) VALUES(19,1012,10006,'',1,'','','','8/13/2004 6:45:02 PM',1,1,'','',null,'','','',null,'',null,1012,14,'',14,1,'8/11/2004 11:31:47 AM')
INSERT INTO sra_item(id, sra_id, code, name, qty, fault, sn, invoice_number, date_received, status, old_item_status, old_item_status_date, old_item_status_note, replacement_code, replacement_sn, date_sent_to_supplier, date_received_from_supplier, code_received_from_supplier, sn_received_from_supplier, sell_as_used_code, id1, customer, note, staff, item_received, date_created) VALUES(20,1014,10006,'',1,'','','','8/13/2004 6:48:06 PM',3,6,'','',10006,'','8/13/2004 6:50:58 PM','',null,'',null,1014,1070,'',14,1,'8/11/2004 11:53:24 AM')
INSERT INTO sra_item(id, sra_id, code, name, qty, fault, sn, invoice_number, date_received, status, old_item_status, old_item_status_date, old_item_status_note, replacement_code, replacement_sn, date_sent_to_supplier, date_received_from_supplier, code_received_from_supplier, sn_received_from_supplier, sell_as_used_code, id1, customer, note, staff, item_received, date_created) VALUES(23,1006,10006,'',1,'','','','8/13/2004 8:01:04 PM',2,6,'','',null,'','8/14/2004 11:36:14 AM','',null,'',null,1006,1070,'',9,1,'5/18/2004 7:30:23 PM')
INSERT INTO sra_item(id, sra_id, code, name, qty, fault, sn, invoice_number, date_received, status, old_item_status, old_item_status_date, old_item_status_note, replacement_code, replacement_sn, date_sent_to_supplier, date_received_from_supplier, code_received_from_supplier, sn_received_from_supplier, sell_as_used_code, id1, customer, note, staff, item_received, date_created) VALUES(24,1015,10006,'',1,'','','','8/14/2004 12:11:28 PM',3,6,'','',10006,'','8/14/2004 12:11:44 PM','',null,'',null,1015,1144,'',14,1,'8/11/2004 12:07:48 PM')
INSERT INTO sra_item(id, sra_id, code, name, qty, fault, sn, invoice_number, date_received, status, old_item_status, old_item_status_date, old_item_status_note, replacement_code, replacement_sn, date_sent_to_supplier, date_received_from_supplier, code_received_from_supplier, sn_received_from_supplier, sell_as_used_code, id1, customer, note, staff, item_received, date_created) VALUES(25,1019,10006,'',1,'','','','8/14/2004 12:49:33 PM',3,6,'','',10006,'','8/14/2004 12:49:38 PM','8/14/2004 12:50:24 PM',10006,'',null,1019,1070,'',14,1,'8/11/2004 3:07:03 PM')
INSERT INTO sra_item(id, sra_id, code, name, qty, fault, sn, invoice_number, date_received, status, old_item_status, old_item_status_date, old_item_status_note, replacement_code, replacement_sn, date_sent_to_supplier, date_received_from_supplier, code_received_from_supplier, sn_received_from_supplier, sell_as_used_code, id1, customer, note, staff, item_received, date_created) VALUES(26,1021,10006,'',1,'','','','8/14/2004 12:54:37 PM',3,6,'','',10006,'','8/14/2004 12:54:52 PM','8/14/2004 1:33:15 PM',10006,'',null,1021,1126,'',14,1,'8/14/2004 12:54:31 PM')
INSERT INTO sra_item(id, sra_id, code, name, qty, fault, sn, invoice_number, date_received, status, old_item_status, old_item_status_date, old_item_status_note, replacement_code, replacement_sn, date_sent_to_supplier, date_received_from_supplier, code_received_from_supplier, sn_received_from_supplier, sell_as_used_code, id1, customer, note, staff, item_received, date_created) VALUES(27,1022,1001,'hjoe',1,'jof pdjgrejopew','1234','','11/14/2004 7:39:32 PM',1,1,'','',null,'','','',null,'',null,1022,1156,'',1156,1,'11/14/2004 7:38:15 PM')
INSERT INTO sra_item(id, sra_id, code, name, qty, fault, sn, invoice_number, date_received, status, old_item_status, old_item_status_date, old_item_status_note, replacement_code, replacement_sn, date_sent_to_supplier, date_received_from_supplier, code_received_from_supplier, sn_received_from_supplier, sell_as_used_code, id1, customer, note, staff, item_received, date_created) VALUES(28,1025,1001,'',1,'','','','11/28/2004 8:44:35 PM',1,1,'','',null,'','','',null,'',null,1025,1156,'',1156,1,'11/28/2004 8:44:15 PM')
SET IDENTITY_INSERT sra_item OFF
SET IDENTITY_INSERT sra ON 
INSERT INTO sra(id, customer, note, staff, item_received, date_created) VALUES(1001,9,'',9,1,'5/15/2004 12:12:36 AM')
INSERT INTO sra(id, customer, note, staff, item_received, date_created) VALUES(1002,9,'',9,1,'5/15/2004 12:12:36 AM')
INSERT INTO sra(id, customer, note, staff, item_received, date_created) VALUES(1003,14,'',9,1,'5/16/2004 3:04:19 PM')
INSERT INTO sra(id, customer, note, staff, item_received, date_created) VALUES(1004,14,'',9,1,'5/16/2004 3:46:22 PM')
INSERT INTO sra(id, customer, note, staff, item_received, date_created) VALUES(1005,14,'',9,1,'5/16/2004 4:32:43 PM')
INSERT INTO sra(id, customer, note, staff, item_received, date_created) VALUES(1006,1070,'',9,1,'5/18/2004 7:30:23 PM')
INSERT INTO sra(id, customer, note, staff, item_received, date_created) VALUES(1007,9,'',9,1,'7/15/2004 10:39:59 AM')
INSERT INTO sra(id, customer, note, staff, item_received, date_created) VALUES(1008,9,'',9,1,'7/15/2004 10:40:36 AM')
INSERT INTO sra(id, customer, note, staff, item_received, date_created) VALUES(1009,1070,'',14,1,'7/17/2004 12:34:15 PM')
INSERT INTO sra(id, customer, note, staff, item_received, date_created) VALUES(1010,1070,'',14,1,'7/31/2004 12:30:36 PM')
INSERT INTO sra(id, customer, note, staff, item_received, date_created) VALUES(1011,1070,'',14,1,'8/11/2004 11:18:23 AM')
INSERT INTO sra(id, customer, note, staff, item_received, date_created) VALUES(1012,14,'',14,1,'8/11/2004 11:31:47 AM')
INSERT INTO sra(id, customer, note, staff, item_received, date_created) VALUES(1013,1144,'',14,1,'8/11/2004 11:35:56 AM')
INSERT INTO sra(id, customer, note, staff, item_received, date_created) VALUES(1014,1070,'',14,1,'8/11/2004 11:53:24 AM')
INSERT INTO sra(id, customer, note, staff, item_received, date_created) VALUES(1015,1144,'',14,1,'8/11/2004 12:07:48 PM')
INSERT INTO sra(id, customer, note, staff, item_received, date_created) VALUES(1016,1070,'',14,1,'8/11/2004 12:22:37 PM')
INSERT INTO sra(id, customer, note, staff, item_received, date_created) VALUES(1017,1070,'',14,1,'8/11/2004 12:32:14 PM')
INSERT INTO sra(id, customer, note, staff, item_received, date_created) VALUES(1018,1070,'',9,1,'8/11/2004 12:44:14 PM')
INSERT INTO sra(id, customer, note, staff, item_received, date_created) VALUES(1019,1070,'',14,1,'8/11/2004 3:07:03 PM')
INSERT INTO sra(id, customer, note, staff, item_received, date_created) VALUES(1020,14,'',14,0,'8/13/2004 4:31:34 PM')
INSERT INTO sra(id, customer, note, staff, item_received, date_created) VALUES(1021,1126,'',14,1,'8/14/2004 12:54:31 PM')
INSERT INTO sra(id, customer, note, staff, item_received, date_created) VALUES(1022,1156,'',1156,1,'11/14/2004 7:38:15 PM')
INSERT INTO sra(id, customer, note, staff, item_received, date_created) VALUES(1023,1156,'',1156,0,'11/14/2004 7:38:47 PM')
INSERT INTO sra(id, customer, note, staff, item_received, date_created) VALUES(1024,1156,'',1156,0,'11/24/2004 10:07:07 PM')
INSERT INTO sra(id, customer, note, staff, item_received, date_created) VALUES(1025,1156,'',1156,1,'11/28/2004 8:44:15 PM')
SET IDENTITY_INSERT sra OFF
